"","LeemisM","ChoGainsD","Sig"
"1",0.698970004336019,0.750595346229053,"*p<0.10; **p<0.05; ***p<0.01"
